{
  "orders": [
    {
      "ts": "2025-08-16T20:04:32.112142+00:00",
      "pair": "BNB/USDT__XRP/USDT",
      "side_spread": "short_spread",
      "proba": 0.6019558038705559,
      "px": {
        "a": 833.91,
        "b": 3.0996,
        "beta": 128.22869544298786
      },
      "gross_notional": 5000.0,
      "legs": [
        {
          "symbol": "BNB/USDT",
          "side": "sell",
          "qty": 4.060525661485737,
          "price": 833.91,
          "notional": 3386.1129543695706
        },
        {
          "symbol": "XRP/USDT",
          "side": "buy",
          "qty": 520.6759083850914,
          "price": 3.0996,
          "notional": 1613.8870456304292
        }
      ]
    },
    {
      "ts": "2025-08-16T20:04:32.118144+00:00",
      "pair": "ETH/USDT__XRP/USDT",
      "side_spread": "short_spread",
      "proba": 0.5523167921222344,
      "px": {
        "a": 4405.79,
        "b": 3.0996,
        "beta": 51.23770794600867
      },
      "gross_notional": 5000.0,
      "legs": [
        {
          "symbol": "ETH/USDT",
          "side": "sell",
          "qty": 1.0953846974612154,
          "price": 4405.79,
          "notional": 4826.034946227648
        },
        {
          "symbol": "XRP/USDT",
          "side": "buy",
          "qty": 56.12500121704482,
          "price": 3.0996,
          "notional": 173.96505377235212
        }
      ]
    }
  ]
}