{
  "meta": {
    "equity": 10000.0,
    "leverage": 1.0,
    "scheme": "equal_weight",
    "min_proba": 0.55,
    "top_k": 10,
    "count": 1,
    "signals_dir": "data\\signals",
    "pairs_manifest": "data\\features\\pairs\\_manifest.json",
    "version": "1.1"
  },
  "orders": [
    {
      "pair": "ADA/USDT__SOL/USDT",
      "ts": "2025-08-13T15:20:00+00:00",
      "proba": 0.9412176493416332,
      "z": 1.796628752010449,
      "weight": 1.0,
      "notional_per_leg": 5000.0,
      "legs": [
        {
          "symbol": "ADA/USDT",
          "side": "sell",
          "qty": 5742.506029631331,
          "price": 0.8707
        },
        {
          "symbol": "SOL/USDT",
          "side": "buy",
          "qty": 25.420712796786823,
          "price": 196.69
        }
      ]
    }
  ]
}