{
  "items": [
    {
      "pair": "BTC/USDT__ETH/USDT",
      "path": "/app/data/features/pairs/BTC_USDT__ETH_USDT/features.parquet",
      "features": [
        "a",
        "b",
        "beta",
        "alpha",
        "spread",
        "z"
      ]
    },
    {
      "pair": "BTC/USDT__SOL/USDT",
      "path": "/app/data/features/pairs/BTC_USDT__SOL_USDT/features.parquet",
      "features": [
        "a",
        "b",
        "beta",
        "alpha",
        "spread",
        "z"
      ]
    },
    {
      "pair": "ETH/USDT__SOL/USDT",
      "path": "/app/data/features/pairs/ETH_USDT__SOL_USDT/features.parquet",
      "features": [
        "a",
        "b",
        "beta",
        "alpha",
        "spread",
        "z"
      ]
    }
  ],
  "features_dir": "/app/data/features/pairs"
}