{
  "meta": {
    "orders_path": "data\\portfolio\\orders_20250813_152000Z.json",
    "lookback_bars": 2000,
    "pairs_count": 1
  },
  "portfolio_metrics": {
    "sharpe": 0.5442808683712386,
    "maxdd": -0.0801055282407992,
    "cumret": 0.17311060218240049
  },
  "pairs": [
    {
      "pair": "ADA/USDT__SOL/USDT",
      "ts": "2025-08-13T15:20:00+00:00",
      "weight": 1.0,
      "proba": 0.9412176493416332,
      "z": 1.796628752010449,
      "notional_per_leg": 5000.0,
      "n_legs": 2,
      "legA": "sell ADA/USDT",
      "legB": "buy SOL/USDT",
      "sharpe": 0.5442808683712386,
      "maxdd": -0.0801055282407992,
      "cumret": 0.17311060218240049
    }
  ]
}