{
  "meta": {
    "orders_path": "/app/data/portfolio/orders_20250814_083000Z.json",
    "lookback_bars": 2000,
    "pairs_count": 2
  },
  "portfolio_metrics": {
    "sharpe": 0.5442808683712386,
    "maxdd": -0.0801055282407992,
    "cumret": 0.17311060218240049
  },
  "pairs": [
    {
      "pair": "ADA/USDT__SOL/USDT",
      "ts": "2025-08-14T08:30:00+00:00",
      "weight": 0.5,
      "proba": 0.9991888107003325,
      "z": 2.1076704115471037,
      "notional_per_leg": 2500.0,
      "n_legs": 2,
      "legA": "sell ADA/USDT",
      "legB": "buy SOL/USDT",
      "sharpe": 0.5442808683712386,
      "maxdd": -0.0801055282407992,
      "cumret": 0.17311060218240049
    },
    {
      "pair": "ADA/USDT__LTC/USDT",
      "ts": "2025-08-14T08:30:00+00:00",
      "weight": 0.5,
      "proba": 0.9924537539482117,
      "z": 2.1826006833360734,
      "notional_per_leg": 2500.0,
      "n_legs": 2,
      "legA": "sell ADA/USDT",
      "legB": "buy LTC/USDT",
      "sharpe": 0.5442808683712386,
      "maxdd": -0.0801055282407992,
      "cumret": 0.17311060218240049
    }
  ]
}