[
  {
    "a": "BTC/USDT",
    "b": "ETH/USDT",
    "corr": 0.721448,
    "bars": 999,
    "pvalue": 0.066666
  },
  {
    "a": "BTC/USDT",
    "b": "DOT/USDT",
    "corr": 0.690132,
    "bars": 999,
    "pvalue": 0.030825
  },
  {
    "a": "BTC/USDT",
    "b": "SOL/USDT",
    "corr": 0.687513,
    "bars": 999,
    "pvalue": 0.059135
  },
  {
    "a": "BTC/USDT",
    "b": "XRP/USDT",
    "corr": 0.637537,
    "bars": 999,
    "pvalue": 0.058092
  },
  {
    "a": "BTC/USDT",
    "b": "LTC/USDT",
    "corr": 0.540258,
    "bars": 999,
    "pvalue": 0.055809
  },
  {
    "a": "ETH/USDT",
    "b": "TRX/USDT",
    "corr": 0.464579,
    "bars": 999,
    "pvalue": 0.112755
  },
  {
    "a": "BTC/USDT",
    "b": "TRX/USDT",
    "corr": 0.358983,
    "bars": 999,
    "pvalue": 0.047834
  }
]