{
  "generated_at_utc": "2025-08-16T18:40:18+00:00",
  "params": {
    "universe": [
      "BTC",
      "ETH",
      "SOL",
      "BNB",
      "XRP",
      "ADA",
      "MATIC",
      "TRX",
      "LTC",
      "DOT"
    ],
    "quote": "USDT",
    "source": "ccxt",
    "exchange": "binance",
    "since_utc": "2025-01-01",
    "page_size": 1000,
    "max_bars": null,
    "min_samples": 200,
    "corr_threshold": 0.3,
    "alpha": 0.25,
    "top_k": 50
  },
  "symbols": [
    "BTC/USDT",
    "ETH/USDT",
    "SOL/USDT",
    "BNB/USDT",
    "XRP/USDT",
    "ADA/USDT",
    "MATIC/USDT",
    "TRX/USDT",
    "LTC/USDT",
    "DOT/USDT"
  ],
  "pairs": [
    {
      "a": "XRP/USDT",
      "b": "ADA/USDT",
      "corr": 0.844330003298784,
      "samples": 5466,
      "alpha": -0.9694762430341041,
      "beta": 0.7474542351760413
    },
    {
      "a": "ETH/USDT",
      "b": "DOT/USDT",
      "corr": 0.8180016026418483,
      "samples": 5466,
      "alpha": -0.8478409542383317,
      "beta": 0.29796887313278714
    },
    {
      "a": "ADA/USDT",
      "b": "DOT/USDT",
      "corr": 0.8108183564001623,
      "samples": 5466,
      "alpha": 1.7970809097547225,
      "beta": 1.0381291526611112
    },
    {
      "a": "XRP/USDT",
      "b": "DOT/USDT",
      "corr": 0.7852874289370352,
      "samples": 5466,
      "alpha": 1.05151634469267,
      "beta": 0.4865544577704043
    },
    {
      "a": "BTC/USDT",
      "b": "ETH/USDT",
      "corr": 0.7799119025828241,
      "samples": 5466,
      "alpha": -13.069368513438045,
      "beta": 1.8176885856556417
    },
    {
      "a": "LTC/USDT",
      "b": "DOT/USDT",
      "corr": 0.7613508142956162,
      "samples": 5466,
      "alpha": -1.9859851769858798,
      "beta": 0.7569884202761568
    },
    {
      "a": "ETH/USDT",
      "b": "ADA/USDT",
      "corr": 0.7598271062325319,
      "samples": 5466,
      "alpha": -3.2659302766387586,
      "beta": 0.37855226796195973
    },
    {
      "a": "SOL/USDT",
      "b": "ADA/USDT",
      "corr": 0.75375007295393,
      "samples": 5466,
      "alpha": -3.7107735760179,
      "beta": 0.6706381862759205
    },
    {
      "a": "ETH/USDT",
      "b": "SOL/USDT",
      "corr": 0.7459645538283843,
      "samples": 5466,
      "alpha": 0.7521369834452261,
      "beta": 0.5531453041937268
    },
    {
      "a": "SOL/USDT",
      "b": "DOT/USDT",
      "corr": 0.7457592624110436,
      "samples": 5466,
      "alpha": -2.332768010879915,
      "beta": 0.7507202235795702
    },
    {
      "a": "BTC/USDT",
      "b": "SOL/USDT",
      "corr": 0.7438993474833286,
      "samples": 5466,
      "alpha": -5.6048320909041145,
      "beta": 0.9296390194495965
    },
    {
      "a": "BTC/USDT",
      "b": "DOT/USDT",
      "corr": 0.7413994001530808,
      "samples": 5466,
      "alpha": 2.4379424250866983,
      "beta": -0.08237126181562848
    },
    {
      "a": "ETH/USDT",
      "b": "XRP/USDT",
      "corr": 0.7392967572441508,
      "samples": 5466,
      "alpha": -2.7058490492608787,
      "beta": 0.4597432882591581
    },
    {
      "a": "BTC/USDT",
      "b": "XRP/USDT",
      "corr": 0.7325941830205823,
      "samples": 5466,
      "alpha": -8.56176916325368,
      "beta": 0.8224053596464627
    },
    {
      "a": "BNB/USDT",
      "b": "DOT/USDT",
      "corr": 0.7325143793883125,
      "samples": 5466,
      "alpha": -1.282686140595977,
      "beta": 0.42750070609151847
    },
    {
      "a": "BTC/USDT",
      "b": "ADA/USDT",
      "corr": 0.7313079665666996,
      "samples": 5466,
      "alpha": -3.6848985187839514,
      "beta": 0.29454099569184095
    },
    {
      "a": "SOL/USDT",
      "b": "XRP/USDT",
      "corr": 0.7276034770380818,
      "samples": 5466,
      "alpha": -2.03809326402852,
      "beta": 0.5772521725601989
    },
    {
      "a": "ETH/USDT",
      "b": "BNB/USDT",
      "corr": 0.7273195057944313,
      "samples": 5466,
      "alpha": 4.004953779343867,
      "beta": 0.3162152510981602
    },
    {
      "a": "ETH/USDT",
      "b": "LTC/USDT",
      "corr": 0.7161858346738439,
      "samples": 5466,
      "alpha": 1.1644775977901796,
      "beta": 0.4368339693283036
    },
    {
      "a": "ADA/USDT",
      "b": "LTC/USDT",
      "corr": 0.70474493266098,
      "samples": 5466,
      "alpha": 4.791479387703091,
      "beta": 0.6745736299346575
    },
    {
      "a": "XRP/USDT",
      "b": "LTC/USDT",
      "corr": 0.6975304933025332,
      "samples": 5466,
      "alpha": 3.8767470771416606,
      "beta": 0.7934707361844999
    },
    {
      "a": "BNB/USDT",
      "b": "ADA/USDT",
      "corr": 0.6842661326956723,
      "samples": 5466,
      "alpha": -5.8020827888980415,
      "beta": 0.8489556831727993
    },
    {
      "a": "BNB/USDT",
      "b": "XRP/USDT",
      "corr": 0.6774743266377101,
      "samples": 5466,
      "alpha": -7.198397661125128,
      "beta": 1.2488038293238883
    },
    {
      "a": "BTC/USDT",
      "b": "LTC/USDT",
      "corr": 0.6757396602711634,
      "samples": 5466,
      "alpha": -1.3034418313230107,
      "beta": 0.512347783059599
    },
    {
      "a": "BTC/USDT",
      "b": "BNB/USDT",
      "corr": 0.6620171288854221,
      "samples": 5466,
      "alpha": -1.0800602343516257,
      "beta": 0.6575392787095
    },
    {
      "a": "SOL/USDT",
      "b": "BNB/USDT",
      "corr": 0.6526207712590364,
      "samples": 5466,
      "alpha": 4.970258323025221,
      "beta": 0.2976696789550424
    },
    {
      "a": "SOL/USDT",
      "b": "LTC/USDT",
      "corr": 0.6478124684847995,
      "samples": 5466,
      "alpha": 1.4714731555929421,
      "beta": 0.6127973725643291
    },
    {
      "a": "BNB/USDT",
      "b": "LTC/USDT",
      "corr": 0.6455376252084983,
      "samples": 5466,
      "alpha": -1.7075109587161432,
      "beta": 0.9712379971391155
    },
    {
      "a": "TRX/USDT",
      "b": "DOT/USDT",
      "corr": 0.5891734834426863,
      "samples": 5466,
      "alpha": 0.7795747012296441,
      "beta": -0.5298300220062946
    },
    {
      "a": "ETH/USDT",
      "b": "TRX/USDT",
      "corr": 0.5628384274754198,
      "samples": 5466,
      "alpha": -3.6093845199553307,
      "beta": 0.28909215267174726
    },
    {
      "a": "XRP/USDT",
      "b": "TRX/USDT",
      "corr": 0.5489545899774894,
      "samples": 5466,
      "alpha": -1.699081216122555,
      "beta": 0.3971471037012922
    },
    {
      "a": "ADA/USDT",
      "b": "TRX/USDT",
      "corr": 0.5459968789935868,
      "samples": 5466,
      "alpha": -1.3341056500085253,
      "beta": 0.023573418594756052
    },
    {
      "a": "BNB/USDT",
      "b": "TRX/USDT",
      "corr": 0.545940004748241,
      "samples": 5466,
      "alpha": -7.872126018614625,
      "beta": 1.00693351307162
    },
    {
      "a": "TRX/USDT",
      "b": "LTC/USDT",
      "corr": 0.5297890783721976,
      "samples": 5466,
      "alpha": 4.9475297855800555,
      "beta": 0.2650966048803677
    },
    {
      "a": "BTC/USDT",
      "b": "TRX/USDT",
      "corr": 0.5224297621516402,
      "samples": 5466,
      "alpha": -11.461373506669158,
      "beta": 0.8795097721053458
    },
    {
      "a": "SOL/USDT",
      "b": "TRX/USDT",
      "corr": 0.4840472473829411,
      "samples": 5466,
      "alpha": -2.0959144653790753,
      "beta": 0.1482316221408637
    }
  ]
}