[
  {
    "a": "BTC/USDT",
    "b": "ETH/USDT",
    "corr": 0.720756,
    "bars": 999,
    "pvalue": 0.07312
  },
  {
    "a": "BTC/USDT",
    "b": "DOT/USDT",
    "corr": 0.689333,
    "bars": 999,
    "pvalue": 0.026793
  },
  {
    "a": "BTC/USDT",
    "b": "SOL/USDT",
    "corr": 0.686965,
    "bars": 999,
    "pvalue": 0.063009
  },
  {
    "a": "BTC/USDT",
    "b": "XRP/USDT",
    "corr": 0.637147,
    "bars": 999,
    "pvalue": 0.057796
  },
  {
    "a": "BTC/USDT",
    "b": "LTC/USDT",
    "corr": 0.539993,
    "bars": 999,
    "pvalue": 0.059541
  },
  {
    "a": "ETH/USDT",
    "b": "TRX/USDT",
    "corr": 0.465812,
    "bars": 999,
    "pvalue": 0.114422
  },
  {
    "a": "BTC/USDT",
    "b": "TRX/USDT",
    "corr": 0.359517,
    "bars": 999,
    "pvalue": 0.052676
  }
]