{
  "pairs": [
    {
      "a": "BTC/USDT",
      "b": "DOT/USDT",
      "metrics": {
        "corr": 0.69018,
        "pvalue": 0.035071,
        "bars": 999
      }
    },
    {
      "a": "BTC/USDT",
      "b": "XRP/USDT",
      "metrics": {
        "corr": 0.638003,
        "pvalue": 0.065054,
        "bars": 999
      }
    },
    {
      "a": "BTC/USDT",
      "b": "SOL/USDT",
      "metrics": {
        "corr": 0.687644,
        "pvalue": 0.076008,
        "bars": 999
      }
    },
    {
      "a": "BTC/USDT",
      "b": "TRX/USDT",
      "metrics": {
        "corr": 0.358284,
        "pvalue": 0.076319,
        "bars": 999
      }
    },
    {
      "a": "BTC/USDT",
      "b": "LTC/USDT",
      "metrics": {
        "corr": 0.540631,
        "pvalue": 0.090642,
        "bars": 999
      }
    },
    {
      "a": "BTC/USDT",
      "b": "ETH/USDT",
      "metrics": {
        "corr": 0.721576,
        "pvalue": 0.105159,
        "bars": 999
      }
    },
    {
      "a": "BTC/USDT",
      "b": "BNB/USDT",
      "metrics": {
        "corr": 0.6228,
        "pvalue": 0.109149,
        "bars": 999
      }
    },
    {
      "a": "ETH/USDT",
      "b": "TRX/USDT",
      "metrics": {
        "corr": 0.464079,
        "pvalue": 0.109862,
        "bars": 999
      }
    },
    {
      "a": "BTC/USDT",
      "b": "ADA/USDT",
      "metrics": {
        "corr": 0.641051,
        "pvalue": 0.178765,
        "bars": 999
      }
    },
    {
      "a": "ETH/USDT",
      "b": "BNB/USDT",
      "metrics": {
        "corr": 0.712047,
        "pvalue": 0.322165,
        "bars": 999
      }
    },
    {
      "a": "XRP/USDT",
      "b": "DOT/USDT",
      "metrics": {
        "corr": 0.751003,
        "pvalue": 0.329422,
        "bars": 999
      }
    },
    {
      "a": "XRP/USDT",
      "b": "TRX/USDT",
      "metrics": {
        "corr": 0.394712,
        "pvalue": 0.332544,
        "bars": 999
      }
    },
    {
      "a": "ETH/USDT",
      "b": "LTC/USDT",
      "metrics": {
        "corr": 0.602254,
        "pvalue": 0.350977,
        "bars": 999
      }
    },
    {
      "a": "ADA/USDT",
      "b": "TRX/USDT",
      "metrics": {
        "corr": 0.421644,
        "pvalue": 0.369253,
        "bars": 999
      }
    },
    {
      "a": "XRP/USDT",
      "b": "LTC/USDT",
      "metrics": {
        "corr": 0.598817,
        "pvalue": 0.370748,
        "bars": 999
      }
    },
    {
      "a": "SOL/USDT",
      "b": "TRX/USDT",
      "metrics": {
        "corr": 0.437639,
        "pvalue": 0.514175,
        "bars": 999
      }
    },
    {
      "a": "TRX/USDT",
      "b": "LTC/USDT",
      "metrics": {
        "corr": 0.380813,
        "pvalue": 0.524971,
        "bars": 999
      }
    },
    {
      "a": "BNB/USDT",
      "b": "TRX/USDT",
      "metrics": {
        "corr": 0.513275,
        "pvalue": 0.546824,
        "bars": 999
      }
    },
    {
      "a": "SOL/USDT",
      "b": "LTC/USDT",
      "metrics": {
        "corr": 0.632144,
        "pvalue": 0.552139,
        "bars": 999
      }
    },
    {
      "a": "BNB/USDT",
      "b": "LTC/USDT",
      "metrics": {
        "corr": 0.540928,
        "pvalue": 0.57211,
        "bars": 999
      }
    },
    {
      "a": "SOL/USDT",
      "b": "BNB/USDT",
      "metrics": {
        "corr": 0.718969,
        "pvalue": 0.61139,
        "bars": 999
      }
    },
    {
      "a": "ADA/USDT",
      "b": "LTC/USDT",
      "metrics": {
        "corr": 0.628984,
        "pvalue": 0.628086,
        "bars": 999
      }
    },
    {
      "a": "SOL/USDT",
      "b": "XRP/USDT",
      "metrics": {
        "corr": 0.732941,
        "pvalue": 0.645556,
        "bars": 999
      }
    },
    {
      "a": "SOL/USDT",
      "b": "ADA/USDT",
      "metrics": {
        "corr": 0.786838,
        "pvalue": 0.67231,
        "bars": 999
      }
    },
    {
      "a": "LTC/USDT",
      "b": "DOT/USDT",
      "metrics": {
        "corr": 0.683594,
        "pvalue": 0.674153,
        "bars": 999
      }
    },
    {
      "a": "ETH/USDT",
      "b": "SOL/USDT",
      "metrics": {
        "corr": 0.774357,
        "pvalue": 0.768245,
        "bars": 999
      }
    },
    {
      "a": "TRX/USDT",
      "b": "DOT/USDT",
      "metrics": {
        "corr": 0.476512,
        "pvalue": 0.77004,
        "bars": 999
      }
    },
    {
      "a": "ETH/USDT",
      "b": "ADA/USDT",
      "metrics": {
        "corr": 0.719824,
        "pvalue": 0.773792,
        "bars": 999
      }
    },
    {
      "a": "ETH/USDT",
      "b": "DOT/USDT",
      "metrics": {
        "corr": 0.802631,
        "pvalue": 0.800794,
        "bars": 999
      }
    },
    {
      "a": "XRP/USDT",
      "b": "ADA/USDT",
      "metrics": {
        "corr": 0.786986,
        "pvalue": 0.814647,
        "bars": 999
      }
    },
    {
      "a": "SOL/USDT",
      "b": "DOT/USDT",
      "metrics": {
        "corr": 0.809861,
        "pvalue": 0.816149,
        "bars": 999
      }
    },
    {
      "a": "BNB/USDT",
      "b": "ADA/USDT",
      "metrics": {
        "corr": 0.673542,
        "pvalue": 0.842573,
        "bars": 999
      }
    },
    {
      "a": "BNB/USDT",
      "b": "DOT/USDT",
      "metrics": {
        "corr": 0.732096,
        "pvalue": 0.925118,
        "bars": 999
      }
    },
    {
      "a": "ADA/USDT",
      "b": "DOT/USDT",
      "metrics": {
        "corr": 0.839565,
        "pvalue": 0.957018,
        "bars": 999
      }
    },
    {
      "a": "ETH/USDT",
      "b": "XRP/USDT",
      "metrics": {
        "corr": 0.663858,
        "pvalue": 0.964343,
        "bars": 999
      }
    },
    {
      "a": "BNB/USDT",
      "b": "XRP/USDT",
      "metrics": {
        "corr": 0.624831,
        "pvalue": 0.978603,
        "bars": 999
      }
    }
  ],
  "raw_parquet": "/app/data/raw/ohlcv.parquet",
  "min_bars": 150,
  "min_corr": 0.1,
  "max_pvalue": 1.0,
  "top_k": 200
}