[
  {
    "a": "BTC/USDT",
    "b": "ETH/USDT",
    "corr": 0.721467,
    "bars": 999,
    "pvalue": 0.067455
  },
  {
    "a": "BTC/USDT",
    "b": "DOT/USDT",
    "corr": 0.69015,
    "bars": 999,
    "pvalue": 0.030828
  },
  {
    "a": "BTC/USDT",
    "b": "SOL/USDT",
    "corr": 0.687527,
    "bars": 999,
    "pvalue": 0.059508
  },
  {
    "a": "BTC/USDT",
    "b": "XRP/USDT",
    "corr": 0.637566,
    "bars": 999,
    "pvalue": 0.059233
  },
  {
    "a": "BTC/USDT",
    "b": "LTC/USDT",
    "corr": 0.540384,
    "bars": 999,
    "pvalue": 0.057006
  },
  {
    "a": "BTC/USDT",
    "b": "TRX/USDT",
    "corr": 0.358871,
    "bars": 999,
    "pvalue": 0.048671
  }
]