{
  "generated_at_utc": "2025-08-16T18:21:28+00:00",
  "params": {
    "universe": [
      "BTC",
      "ETH",
      "SOL",
      "BNB",
      "XRP",
      "ADA",
      "MATIC",
      "TRX",
      "LTC",
      "DOT"
    ],
    "quote": "USDT",
    "source": "ccxt",
    "exchange": "binance",
    "since_utc": "2025-01-01",
    "page_size": 1000,
    "max_bars": null,
    "min_samples": 200,
    "corr_threshold": 0.3,
    "alpha": 0.25,
    "top_k": 50
  },
  "symbols": [
    "BTC/USDT",
    "ETH/USDT",
    "SOL/USDT",
    "BNB/USDT",
    "XRP/USDT",
    "ADA/USDT",
    "MATIC/USDT",
    "TRX/USDT",
    "LTC/USDT",
    "DOT/USDT"
  ],
  "pairs": [
    {
      "a": "XRP/USDT",
      "b": "ADA/USDT",
      "corr": 0.8443291355699786,
      "samples": 5466,
      "alpha": -0.9694747495874886,
      "beta": 0.7474524087410158
    },
    {
      "a": "ETH/USDT",
      "b": "DOT/USDT",
      "corr": 0.818000405577274,
      "samples": 5466,
      "alpha": -0.8478337773060188,
      "beta": 0.29796794151981937
    },
    {
      "a": "ADA/USDT",
      "b": "DOT/USDT",
      "corr": 0.8108182167136803,
      "samples": 5466,
      "alpha": 1.797082644627035,
      "beta": 1.0381343643265737
    },
    {
      "a": "XRP/USDT",
      "b": "DOT/USDT",
      "corr": 0.7852866225585481,
      "samples": 5466,
      "alpha": 1.0515145950880584,
      "beta": 0.48655636552933773
    },
    {
      "a": "BTC/USDT",
      "b": "ETH/USDT",
      "corr": 0.7799127550256466,
      "samples": 5466,
      "alpha": -13.069364833677,
      "beta": 1.8176882621470072
    },
    {
      "a": "LTC/USDT",
      "b": "DOT/USDT",
      "corr": 0.7613501172499532,
      "samples": 5466,
      "alpha": -1.9859951998737222,
      "beta": 0.7569906054384613
    },
    {
      "a": "ETH/USDT",
      "b": "ADA/USDT",
      "corr": 0.7598263991215624,
      "samples": 5466,
      "alpha": -3.2659118833797005,
      "beta": 0.3785498839135035
    },
    {
      "a": "SOL/USDT",
      "b": "ADA/USDT",
      "corr": 0.7537666733592525,
      "samples": 5466,
      "alpha": -3.7107685792411504,
      "beta": 0.6706370754181467
    },
    {
      "a": "ETH/USDT",
      "b": "SOL/USDT",
      "corr": 0.7459750937254438,
      "samples": 5466,
      "alpha": 0.7521061736817292,
      "beta": 0.5531492968171159
    },
    {
      "a": "SOL/USDT",
      "b": "DOT/USDT",
      "corr": 0.7457675106410104,
      "samples": 5466,
      "alpha": -2.33274197322687,
      "beta": 0.7507150085180457
    },
    {
      "a": "BTC/USDT",
      "b": "SOL/USDT",
      "corr": 0.7438995858821476,
      "samples": 5466,
      "alpha": -5.604903178176153,
      "beta": 0.9296452403343773
    },
    {
      "a": "BTC/USDT",
      "b": "DOT/USDT",
      "corr": 0.7414011112850173,
      "samples": 5466,
      "alpha": 2.4379633528152507,
      "beta": -0.0823730925418884
    },
    {
      "a": "ETH/USDT",
      "b": "XRP/USDT",
      "corr": 0.7392948249079124,
      "samples": 5466,
      "alpha": -2.7058364660964327,
      "beta": 0.4597416571915153
    },
    {
      "a": "BTC/USDT",
      "b": "XRP/USDT",
      "corr": 0.7325968229214148,
      "samples": 5466,
      "alpha": -8.561736398313167,
      "beta": 0.822402491837838
    },
    {
      "a": "BNB/USDT",
      "b": "DOT/USDT",
      "corr": 0.7325133721738865,
      "samples": 5466,
      "alpha": -1.282692748663952,
      "beta": 0.4275017121418533
    },
    {
      "a": "BTC/USDT",
      "b": "ADA/USDT",
      "corr": 0.7313129738567782,
      "samples": 5466,
      "alpha": -3.684853472372143,
      "beta": 0.2945370527385112
    },
    {
      "a": "SOL/USDT",
      "b": "XRP/USDT",
      "corr": 0.7276132560786208,
      "samples": 5466,
      "alpha": -2.038093798804099,
      "beta": 0.5772521761650403
    },
    {
      "a": "ETH/USDT",
      "b": "BNB/USDT",
      "corr": 0.7273176495612296,
      "samples": 5466,
      "alpha": 4.004961286231754,
      "beta": 0.31621427842999245
    },
    {
      "a": "ETH/USDT",
      "b": "LTC/USDT",
      "corr": 0.7161860452477407,
      "samples": 5466,
      "alpha": 1.1644886486795463,
      "beta": 0.4368325367458276
    },
    {
      "a": "ADA/USDT",
      "b": "LTC/USDT",
      "corr": 0.7047410890995824,
      "samples": 5466,
      "alpha": 4.791479256538733,
      "beta": 0.6745731268356321
    },
    {
      "a": "XRP/USDT",
      "b": "LTC/USDT",
      "corr": 0.6975276490794106,
      "samples": 5466,
      "alpha": 3.8767473325761252,
      "beta": 0.7934704298204139
    },
    {
      "a": "BNB/USDT",
      "b": "ADA/USDT",
      "corr": 0.6842635668283684,
      "samples": 5466,
      "alpha": -5.8020464377051715,
      "beta": 0.8489500464668511
    },
    {
      "a": "BNB/USDT",
      "b": "XRP/USDT",
      "corr": 0.6774724689940943,
      "samples": 5466,
      "alpha": -7.198393983902405,
      "beta": 1.248803253134851
    },
    {
      "a": "BTC/USDT",
      "b": "LTC/USDT",
      "corr": 0.6757447549420632,
      "samples": 5466,
      "alpha": -1.303413449541168,
      "beta": 0.5123452987211632
    },
    {
      "a": "BTC/USDT",
      "b": "BNB/USDT",
      "corr": 0.6620200894814379,
      "samples": 5466,
      "alpha": -1.0800415021318017,
      "beta": 0.6575376386525563
    },
    {
      "a": "SOL/USDT",
      "b": "BNB/USDT",
      "corr": 0.6526316434905898,
      "samples": 5466,
      "alpha": 4.970249637830801,
      "beta": 0.2976713290960171
    },
    {
      "a": "SOL/USDT",
      "b": "LTC/USDT",
      "corr": 0.6478325737014775,
      "samples": 5466,
      "alpha": 1.471475475513604,
      "beta": 0.6127968170670912
    },
    {
      "a": "BNB/USDT",
      "b": "LTC/USDT",
      "corr": 0.6455338682365874,
      "samples": 5466,
      "alpha": -1.7075025267760093,
      "beta": 0.9712366861997119
    },
    {
      "a": "TRX/USDT",
      "b": "DOT/USDT",
      "corr": 0.589168916886348,
      "samples": 5466,
      "alpha": 0.7795717858989594,
      "beta": -0.5298321130313517
    },
    {
      "a": "ETH/USDT",
      "b": "TRX/USDT",
      "corr": 0.5628378455851415,
      "samples": 5466,
      "alpha": -3.609387677833895,
      "beta": 0.2890925626058619
    },
    {
      "a": "XRP/USDT",
      "b": "TRX/USDT",
      "corr": 0.5489483906324387,
      "samples": 5466,
      "alpha": -1.6990806548988784,
      "beta": 0.39714663826115537
    },
    {
      "a": "ADA/USDT",
      "b": "TRX/USDT",
      "corr": 0.5459917584368965,
      "samples": 5466,
      "alpha": -1.3341064120485846,
      "beta": 0.02357063798738198
    },
    {
      "a": "BNB/USDT",
      "b": "TRX/USDT",
      "corr": 0.545933790385621,
      "samples": 5466,
      "alpha": -7.8721541290527135,
      "beta": 1.0069378755659515
    },
    {
      "a": "TRX/USDT",
      "b": "LTC/USDT",
      "corr": 0.5297869460765505,
      "samples": 5466,
      "alpha": 4.947524464675772,
      "beta": 0.2650927957773595
    },
    {
      "a": "BTC/USDT",
      "b": "TRX/USDT",
      "corr": 0.5224285974544635,
      "samples": 5466,
      "alpha": -11.461380957554756,
      "beta": 0.8795104232730602
    },
    {
      "a": "SOL/USDT",
      "b": "TRX/USDT",
      "corr": 0.484062149919436,
      "samples": 5466,
      "alpha": -2.0959328421574828,
      "beta": 0.14823522648165932
    }
  ]
}