{
  "meta": {
    "orders_path": "C:\\Users\\PC\\Desktop\\mntrading\\mntrading\\data\\portfolio\\orders_20250814_083000Z.json",
    "lookback_bars": 2000,
    "pairs_count": 2
  },
  "portfolio_metrics": {
    "sharpe": NaN,
    "maxdd": NaN,
    "cumret": NaN
  },
  "pairs": [
    {
      "pair": "ADA/USDT__SOL/USDT",
      "ts": "2025-08-14T08:30:00+00:00",
      "weight": 0.5,
      "proba": 0.9991888107003325,
      "z": 2.1076704115471037,
      "notional_per_leg": 2500.0,
      "n_legs": 2,
      "legA": "sell ADA/USDT",
      "legB": "buy SOL/USDT",
      "sharpe": NaN,
      "maxdd": NaN,
      "cumret": NaN
    },
    {
      "pair": "ADA/USDT__LTC/USDT",
      "ts": "2025-08-14T08:30:00+00:00",
      "weight": 0.5,
      "proba": 0.9924537539482117,
      "z": 2.1826006833360734,
      "notional_per_leg": 2500.0,
      "n_legs": 2,
      "legA": "sell ADA/USDT",
      "legB": "buy LTC/USDT",
      "sharpe": NaN,
      "maxdd": NaN,
      "cumret": NaN
    }
  ]
}