{
  "meta": {
    "equity": 10000.0,
    "leverage": 1.0,
    "scheme": "equal_weight",
    "min_proba": 0.55,
    "top_k": 10,
    "count": 2,
    "signals_dir": "/app/data/signals",
    "pairs_manifest": "/app/data/features/pairs/_manifest.json",
    "version": "1.2"
  },
  "orders": [
    {
      "pair": "ADA/USDT__SOL/USDT",
      "ts": "2025-08-14T08:30:00+00:00",
      "proba": 0.9991888107003325,
      "z": 2.1076704115471037,
      "weight": 0.5,
      "notional_per_leg": 2500.0,
      "legs": [
        {
          "symbol": "ADA/USDT",
          "side": "sell",
          "qty": 2516.356316054353,
          "price": 0.9935
        },
        {
          "symbol": "SOL/USDT",
          "side": "buy",
          "qty": 2516.356316054353,
          "price": 0.9935
        }
      ]
    },
    {
      "pair": "ADA/USDT__LTC/USDT",
      "ts": "2025-08-14T08:30:00+00:00",
      "proba": 0.9924537539482117,
      "z": 2.1826006833360734,
      "weight": 0.5,
      "notional_per_leg": 2500.0,
      "legs": [
        {
          "symbol": "ADA/USDT",
          "side": "sell",
          "qty": 2525.5076270330337,
          "price": 0.9899
        },
        {
          "symbol": "LTC/USDT",
          "side": "buy",
          "qty": 19.418983998757184,
          "price": 128.74
        }
      ]
    }
  ]
}